distribution,n,mean,std,q01,q50,q99,fraction_above_threshold
current / calibration,12000,-0.7085330486297607,1.2418017387390137,-4.627546787261963,-0.5741453170776367,2.002595901489258,0.008916666731238365
current / ID test,10000,0.07873205840587616,1.336634874343872,-2.5174739360809326,-0.1671772003173828,4.563295364379883,0.0737999975681305
current / prior,10000,0.9265505075454712,1.804413914680481,-1.928882122039795,0.5712776184082031,7.334361553192139,0.1826000064611435
split / held-out calibration,6000,0.31430768966674805,1.640419363975525,-2.695974588394165,-0.00760650634765625,5.958076477050781,0.009999999776482582
split / ID test,10000,0.32423150539398193,1.6623363494873047,-2.737527847290039,-0.008950233459472656,6.131536960601807,0.011699999682605267
split / prior,10000,1.1619126796722412,2.076660633087158,-2.0567615032196045,0.7286930084228516,8.417945861816406,0.03020000085234642
split / OOD fashion_mnist,10000,4.01884126663208,5.020552635192871,-2.3845977783203125,2.626776695251465,21.88433837890625,0.25040000677108765
split / OOD kmnist,10000,2.106778621673584,2.8506920337677,-2.125737190246582,1.4623174667358398,11.925079345703125,0.08320000022649765
split / OOD organamnist,17778,5.8394880294799805,6.885870456695557,-2.1917152404785156,4.720024108886719,26.41649627685547,0.3810889720916748
